{"cameraMode":{"drawMode":0,"name":"Shaded","section":"Shading Mode"},"sceneLighting":false,"audioPlay":false,"sceneViewState":{"m_AlwaysRefresh":false,"showFog":true,"showSkybox":false,"showFlares":true,"showImageEffects":true,"showParticleSystems":true,"showVisualEffectGraphs":true,"m_FxEnabled":true},"in2DMode":false,"pivot":{"x":-0.4922335147857666,"y":0.9898849725723267,"z":-1.819948434829712},"rotation":{"x":0.2533143162727356,"y":-0.11575067788362503,"z":0.030547410249710084,"w":0.9599593877792358},"size":2.424093246459961,"orthographic":false}