{"cameraMode":{"drawMode":0,"name":"Shaded","section":"Shading Mode"},"sceneLighting":false,"audioPlay":false,"sceneViewState":{"m_AlwaysRefresh":false,"showFog":true,"showSkybox":false,"showFlares":true,"showImageEffects":true,"showParticleSystems":true,"showVisualEffectGraphs":true,"m_FxEnabled":true},"in2DMode":false,"pivot":{"x":2.847989797592163,"y":1.5633630752563477,"z":-0.07804018259048462},"rotation":{"x":0.058639202266931537,"y":0.9398978352546692,"z":-0.20919251441955567,"w":0.263462096452713},"size":1.9946186542510987,"orthographic":false}