{"cameraMode":{"drawMode":0,"name":"Shaded","section":"Shading Mode"},"sceneLighting":true,"audioPlay":false,"sceneViewState":{"m_AlwaysRefresh":false,"showFog":true,"showSkybox":true,"showFlares":true,"showImageEffects":true,"showParticleSystems":true,"showVisualEffectGraphs":true,"m_FxEnabled":true},"in2DMode":false,"pivot":{"x":20.508726119995118,"y":0.014752269722521305,"z":-29.036190032958986},"rotation":{"x":-0.07823409140110016,"y":0.2543128728866577,"z":0.0206485353410244,"w":0.9637453556060791},"size":3.4362497329711916,"orthographic":false}