{"cameraMode":{"drawMode":0,"name":"Shaded","section":"Shading Mode"},"sceneLighting":false,"audioPlay":false,"sceneViewState":{"m_AlwaysRefresh":false,"showFog":true,"showSkybox":false,"showFlares":true,"showImageEffects":true,"showParticleSystems":true,"showVisualEffectGraphs":true,"m_FxEnabled":true},"in2DMode":false,"pivot":{"x":11.335306167602539,"y":0.07800006866455078,"z":-2.1215529441833498},"rotation":{"x":0.21431735157966615,"y":-0.008790743537247181,"z":0.0019304458983242512,"w":0.9767335057258606},"size":7.949250221252441,"orthographic":false}