{"cameraMode":{"drawMode":0,"name":"Shaded","section":"Shading Mode"},"sceneLighting":false,"audioPlay":false,"sceneViewState":{"m_AlwaysRefresh":false,"showFog":true,"showSkybox":false,"showFlares":true,"showImageEffects":true,"showParticleSystems":true,"showVisualEffectGraphs":true,"m_FxEnabled":true},"in2DMode":false,"pivot":{"x":-1.1874463558197022,"y":0.5257700085639954,"z":-0.5405222177505493},"rotation":{"x":0.04791893810033798,"y":-0.7437393665313721,"z":0.053658850491046908,"w":0.6646466851234436},"size":1.6745572090148926,"orthographic":false}