{"cameraMode":{"drawMode":0,"name":"Shaded","section":"Shading Mode"},"sceneLighting":false,"audioPlay":false,"sceneViewState":{"m_AlwaysRefresh":false,"showFog":true,"showSkybox":false,"showFlares":true,"showImageEffects":true,"showParticleSystems":true,"showVisualEffectGraphs":true,"m_FxEnabled":true},"in2DMode":false,"pivot":{"x":-0.8598060607910156,"y":0.8058714866638184,"z":-0.0666004866361618},"rotation":{"x":0.44910192489624026,"y":0.5494343042373657,"z":-0.4703492224216461,"w":0.5246197581291199},"size":3.2635302543640138,"orthographic":false}