{"cameraMode":{"drawMode":0,"name":"Shaded","section":"Shading Mode"},"sceneLighting":false,"audioPlay":false,"sceneViewState":{"m_AlwaysRefresh":false,"showFog":true,"showSkybox":false,"showFlares":true,"showImageEffects":true,"showParticleSystems":true,"showVisualEffectGraphs":true,"m_FxEnabled":true},"in2DMode":false,"pivot":{"x":-2.010788679122925,"y":2.523247241973877,"z":4.820060729980469},"rotation":{"x":0.21431735157966615,"y":-0.008790743537247181,"z":0.0019304458983242512,"w":0.9767335057258606},"size":6.082373142242432,"orthographic":false}