{"cameraMode":{"drawMode":0,"name":"Shaded","section":"Shading Mode"},"sceneLighting":false,"audioPlay":false,"sceneViewState":{"m_AlwaysRefresh":false,"showFog":true,"showSkybox":false,"showFlares":true,"showImageEffects":true,"showParticleSystems":true,"showVisualEffectGraphs":true,"m_FxEnabled":true},"in2DMode":false,"pivot":{"x":-1.0889315605163575,"y":3.9360251426696779,"z":-0.32732972502708437},"rotation":{"x":0.4248439371585846,"y":0.5638939142227173,"z":-0.42028263211250307,"w":0.570016086101532},"size":1.7519967555999756,"orthographic":false}