{"cameraMode":{"drawMode":0,"name":"Shaded","section":"Shading Mode"},"sceneLighting":false,"audioPlay":false,"sceneViewState":{"m_AlwaysRefresh":false,"showFog":true,"showSkybox":false,"showFlares":true,"showImageEffects":true,"showParticleSystems":true,"showVisualEffectGraphs":true,"m_FxEnabled":true},"in2DMode":false,"pivot":{"x":-1.3843040466308594,"y":-1.2046151161193848,"z":0.19147109985351563},"rotation":{"x":-0.10407247394323349,"y":0.7539716958999634,"z":-0.12323236465454102,"w":-0.6368575692176819},"size":30.913705825805665,"orthographic":false}