{"cameraMode":{"drawMode":0,"name":"Shaded","section":"Shading Mode"},"sceneLighting":false,"audioPlay":false,"sceneViewState":{"m_AlwaysRefresh":false,"showFog":true,"showSkybox":false,"showFlares":true,"showImageEffects":true,"showParticleSystems":true,"showVisualEffectGraphs":true,"m_FxEnabled":true},"in2DMode":false,"pivot":{"x":0.003130674362182617,"y":-0.13542963564395905,"z":0.2646178603172302},"rotation":{"x":0.13548913598060609,"y":-0.4835607707500458,"z":0.07605291903018952,"w":0.861457109451294},"size":1.0058525800704957,"orthographic":false}