{"cameraMode":{"drawMode":0,"name":"Shaded","section":"Shading Mode"},"sceneLighting":false,"audioPlay":false,"sceneViewState":{"m_AlwaysRefresh":false,"showFog":true,"showSkybox":false,"showFlares":true,"showImageEffects":true,"showParticleSystems":true,"showVisualEffectGraphs":true,"m_FxEnabled":true},"in2DMode":false,"pivot":{"x":14.640621185302735,"y":0.10000000149011612,"z":-3.774134397506714},"rotation":{"x":0.21431735157966615,"y":-0.008790743537247181,"z":0.0019304458983242512,"w":0.9767335057258606},"size":0.00001706443254079204,"orthographic":false}