{"cameraMode":{"drawMode":0,"name":"Shaded","section":"Shading Mode"},"sceneLighting":false,"audioPlay":false,"sceneViewState":{"m_AlwaysRefresh":false,"showFog":false,"showSkybox":false,"showFlares":false,"showImageEffects":false,"showParticleSystems":false,"showVisualEffectGraphs":true,"m_FxEnabled":true},"in2DMode":false,"pivot":{"x":-0.0003594644367694855,"y":0.019051626324653627,"z":0.0006332383491098881},"rotation":{"x":0.14716991782188416,"y":-0.7100836038589478,"z":0.1558108925819397,"w":0.6707214117050171},"size":0.02650231309235096,"orthographic":false}