{"cameraMode":{"drawMode":0,"name":"Shaded","section":"Shading Mode"},"sceneLighting":false,"audioPlay":false,"sceneViewState":{"m_AlwaysRefresh":false,"showFog":true,"showSkybox":false,"showFlares":true,"showImageEffects":true,"showParticleSystems":true,"showVisualEffectGraphs":true,"m_FxEnabled":true},"in2DMode":false,"pivot":{"x":0.019293852150440217,"y":1.3063498735427857,"z":-0.41569972038269045},"rotation":{"x":0.0022292956709861757,"y":0.9818928837776184,"z":-0.18934780359268189,"w":0.011771807447075844},"size":1.9369903802871705,"orthographic":false}