{"cameraMode":{"drawMode":0,"name":"Shaded","section":"Shading Mode"},"sceneLighting":false,"audioPlay":false,"sceneViewState":{"m_AlwaysRefresh":false,"showFog":true,"showSkybox":false,"showFlares":true,"showImageEffects":true,"showParticleSystems":true,"showVisualEffectGraphs":true,"m_FxEnabled":true},"in2DMode":false,"pivot":{"x":0.00007575225026812404,"y":0.001551650115288794,"z":0.00041013071313500404},"rotation":{"x":0.04198741540312767,"y":-1.5968264222010476e-7,"z":0.0000017070364037863329,"w":0.9991293549537659},"size":0.0023173203226178886,"orthographic":false}