{"cameraMode":{"drawMode":0,"name":"Shaded","section":"Shading Mode"},"sceneLighting":false,"audioPlay":false,"sceneViewState":{"m_AlwaysRefresh":false,"showFog":true,"showSkybox":false,"showFlares":true,"showImageEffects":true,"showParticleSystems":true,"showVisualEffectGraphs":true,"m_FxEnabled":true},"in2DMode":false,"pivot":{"x":-1.040600061416626,"y":1.1917893886566163,"z":1.0242575407028199},"rotation":{"x":0.024920955300331117,"y":-0.611416757106781,"z":-0.019258230924606324,"w":-0.7907012701034546},"size":0.8660253882408142,"orthographic":false}