{"cameraMode":{"drawMode":0,"name":"Shaded","section":"Shading Mode"},"sceneLighting":false,"audioPlay":false,"sceneViewState":{"m_AlwaysRefresh":false,"showFog":true,"showSkybox":false,"showFlares":true,"showImageEffects":true,"showParticleSystems":true,"showVisualEffectGraphs":true,"m_FxEnabled":true},"in2DMode":false,"pivot":{"x":-0.011050701141357422,"y":0.44450339674949648,"z":-0.2611226439476013},"rotation":{"x":-0.01782640814781189,"y":0.7142900824546814,"z":-0.01823161356151104,"w":-0.6994341611862183},"size":2.7355644702911379,"orthographic":false}