{"cameraMode":{"drawMode":0,"name":"Shaded","section":"Shading Mode"},"sceneLighting":false,"audioPlay":false,"sceneViewState":{"m_AlwaysRefresh":false,"showFog":false,"showSkybox":false,"showFlares":false,"showImageEffects":false,"showParticleSystems":false,"showVisualEffectGraphs":true,"m_FxEnabled":true},"in2DMode":false,"pivot":{"x":0.09967207908630371,"y":1.5798165798187256,"z":-0.02248525619506836},"rotation":{"x":0.19053852558135987,"y":-0.21393372118473054,"z":0.04258998855948448,"w":0.9571500420570374},"size":2.1571004390716554,"orthographic":false}