{"cameraMode":{"drawMode":0,"name":"Shaded","section":"Shading Mode"},"sceneLighting":false,"audioPlay":false,"sceneViewState":{"m_AlwaysRefresh":false,"showFog":true,"showSkybox":false,"showFlares":true,"showImageEffects":true,"showParticleSystems":true,"showVisualEffectGraphs":true,"m_FxEnabled":true},"in2DMode":false,"pivot":{"x":0.6990904808044434,"y":1.620049238204956,"z":-0.23838111758232118},"rotation":{"x":0.5231125354766846,"y":-0.0063873594626784328,"z":0.0039297109469771389,"w":0.8522619605064392},"size":0.39123836159706118,"orthographic":false}