{"cameraMode":{"drawMode":0,"name":"Shaded","section":"Shading Mode"},"sceneLighting":false,"audioPlay":false,"sceneViewState":{"m_AlwaysRefresh":false,"showFog":true,"showSkybox":false,"showFlares":true,"showImageEffects":true,"showParticleSystems":true,"showVisualEffectGraphs":true,"m_FxEnabled":true},"in2DMode":false,"pivot":{"x":6.1682233810424809,"y":2.3483619689941408,"z":-32.54515075683594},"rotation":{"x":0.21431735157966615,"y":-0.008790743537247181,"z":0.0019304458983242512,"w":0.9767335057258606},"size":22.317781448364259,"orthographic":false}